<?xml version="1.0" encoding="UTF-8" standalone="yes"?>
<p:sld xmlns:a="http://schemas.openxmlformats.org/drawingml/2006/main" xmlns:r="http://schemas.openxmlformats.org/officeDocument/2006/relationships" xmlns:p="http://schemas.openxmlformats.org/presentationml/2006/main"><p:cSld><p:spTree><p:nvGrpSpPr><p:cNvPr id="1" name=""/><p:cNvGrpSpPr/><p:nvPr/></p:nvGrpSpPr><p:grpSpPr><a:xfrm><a:off x="0" y="0"/><a:ext cx="0" cy="0"/><a:chOff x="0" y="0"/><a:chExt cx="0" cy="0"/></a:xfrm></p:grpSpPr><p:sp><p:nvSpPr><p:cNvPr id="2" name="タイトル 1"><a:extLst><a:ext uri="{FF2B5EF4-FFF2-40B4-BE49-F238E27FC236}"><a16:creationId xmlns:a16="http://schemas.microsoft.com/office/drawing/2014/main" id="{0081B501-833A-89D6-AB0C-D6BEC4127D72}"/></a:ext></a:extLst></p:cNvPr><p:cNvSpPr><a:spLocks noGrp="1"/></p:cNvSpPr><p:nvPr><p:ph type="ctrTitle"/></p:nvPr></p:nvSpPr><p:spPr><a:xfrm><a:off x="1777464" y="1197649"/><a:ext cx="8637073" cy="1209194"/></a:xfrm></p:spPr><p:txBody><a:bodyPr><a:normAutofit/></a:bodyPr><a:lstStyle/><a:p><a:pPr algn="ctr"/><a:r><a:rPr kumimoji="1" lang="ja-JP" altLang="en-US" sz="6600" dirty="0"><a:latin typeface="HGSｺﾞｼｯｸE" panose="020B0900000000000000" pitchFamily="50" charset="-128"/><a:ea typeface="HGSｺﾞｼｯｸE" panose="020B0900000000000000" pitchFamily="50" charset="-128"/></a:rPr><a:t>模擬開発実務演習</a:t></a:r></a:p></p:txBody></p:sp><p:sp><p:nvSpPr><p:cNvPr id="3" name="字幕 2"><a:extLst><a:ext uri="{FF2B5EF4-FFF2-40B4-BE49-F238E27FC236}"><a16:creationId xmlns:a16="http://schemas.microsoft.com/office/drawing/2014/main" id="{CB3EA210-2393-760C-4BDF-60902AB384C4}"/></a:ext></a:extLst></p:cNvPr><p:cNvSpPr><a:spLocks noGrp="1"/></p:cNvSpPr><p:nvPr><p:ph type="subTitle" idx="1"/></p:nvPr></p:nvSpPr><p:spPr><a:xfrm><a:off x="1777465" y="2696049"/><a:ext cx="8637072" cy="2517678"/></a:xfrm></p:spPr><p:txBody><a:bodyPr><a:noAutofit/></a:bodyPr><a:lstStyle/><a:p><a:pPr algn="ctr"/><a:r><a:rPr kumimoji="1" lang="en-US" altLang="ja-JP" dirty="0"><a:latin typeface="+mn-ea"/><a:cs typeface="Arial" panose="020B0604020202020204" pitchFamily="34" charset="0"/></a:rPr><a:t>2023/05/31</a:t></a:r></a:p><a:p><a:pPr algn="ctr"/><a:r><a:rPr lang="ja-JP" altLang="en-US" dirty="0"><a:latin typeface="+mn-ea"/><a:cs typeface="Arial" panose="020B0604020202020204" pitchFamily="34" charset="0"/></a:rPr><a:t>お問い合わせ管理システムチーム１</a:t></a:r><a:endParaRPr lang="en-US" altLang="ja-JP" dirty="0"><a:latin typeface="+mn-ea"/><a:cs typeface="Arial" panose="020B0604020202020204" pitchFamily="34" charset="0"/></a:endParaRPr></a:p><a:p><a:pPr algn="ctr"/><a:r><a:rPr kumimoji="1" lang="ja-JP" altLang="en-US" dirty="0"><a:latin typeface="+mn-ea"/><a:cs typeface="Arial" panose="020B0604020202020204" pitchFamily="34" charset="0"/></a:rPr><a:t>富田彩花</a:t></a:r><a:endParaRPr kumimoji="1" lang="en-US" altLang="ja-JP" dirty="0"><a:latin typeface="+mn-ea"/><a:cs typeface="Arial" panose="020B0604020202020204" pitchFamily="34" charset="0"/></a:endParaRPr></a:p><a:p><a:pPr algn="ctr"/><a:r><a:rPr kumimoji="1" lang="ja-JP" altLang="en-US" dirty="0"><a:latin typeface="+mn-ea"/><a:cs typeface="Arial" panose="020B0604020202020204" pitchFamily="34" charset="0"/></a:rPr><a:t>金子紗英</a:t></a:r><a:endParaRPr kumimoji="1" lang="en-US" altLang="ja-JP" dirty="0"><a:latin typeface="+mn-ea"/><a:cs typeface="Arial" panose="020B0604020202020204" pitchFamily="34" charset="0"/></a:endParaRPr></a:p><a:p><a:pPr algn="ctr"/><a:r><a:rPr lang="en-US" altLang="ja-JP" dirty="0" err="1"><a:latin typeface="+mn-ea"/><a:cs typeface="Arial" panose="020B0604020202020204" pitchFamily="34" charset="0"/></a:rPr><a:t>Khezri</a:t></a:r><a:r><a:rPr lang="en-US" altLang="ja-JP" dirty="0"><a:latin typeface="+mn-ea"/><a:cs typeface="Arial" panose="020B0604020202020204" pitchFamily="34" charset="0"/></a:rPr><a:t> </a:t></a:r><a:r><a:rPr lang="en-US" altLang="ja-JP" dirty="0" err="1"><a:latin typeface="+mn-ea"/><a:cs typeface="Arial" panose="020B0604020202020204" pitchFamily="34" charset="0"/></a:rPr><a:t>Narges</a:t></a:r><a:endParaRPr lang="en-US" altLang="ja-JP" dirty="0"><a:latin typeface="+mn-ea"/><a:cs typeface="Arial" panose="020B0604020202020204" pitchFamily="34" charset="0"/></a:endParaRPr></a:p><a:p><a:pPr algn="ctr"/><a:r><a:rPr lang="ja-JP" altLang="en-US" dirty="0"><a:latin typeface="+mn-ea"/><a:cs typeface="Arial" panose="020B0604020202020204" pitchFamily="34" charset="0"/></a:rPr><a:t>関拓洋</a:t></a:r><a:endParaRPr lang="en-US" altLang="ja-JP" dirty="0"><a:latin typeface="+mn-ea"/><a:cs typeface="Arial" panose="020B0604020202020204" pitchFamily="34" charset="0"/></a:endParaRPr></a:p><a:p><a:pPr algn="ctr"/><a:r><a:rPr lang="ja-JP" altLang="en-US" dirty="0"><a:latin typeface="+mn-ea"/><a:cs typeface="Arial" panose="020B0604020202020204" pitchFamily="34" charset="0"/></a:rPr><a:t>呉元聖</a:t></a:r><a:endParaRPr lang="en-US" altLang="ja-JP" dirty="0"><a:latin typeface="+mn-ea"/><a:cs typeface="Arial" panose="020B0604020202020204" pitchFamily="34" charset="0"/></a:endParaRPr></a:p></p:txBody></p:sp><p:sp><p:nvSpPr><p:cNvPr id="4" name="スライド番号プレースホルダー 3"><a:extLst><a:ext uri="{FF2B5EF4-FFF2-40B4-BE49-F238E27FC236}"><a16:creationId xmlns:a16="http://schemas.microsoft.com/office/drawing/2014/main" id="{2BE95B96-7B8D-FE49-48CD-99C30093A960}"/></a:ext></a:extLst></p:cNvPr><p:cNvSpPr><a:spLocks noGrp="1"/></p:cNvSpPr><p:nvPr><p:ph type="sldNum" sz="quarter" idx="12"/></p:nvPr></p:nvSpPr><p:spPr/><p:txBody><a:bodyPr/><a:lstStyle/><a:p><a:fld id="{1BE6FCAC-E3DF-4AB3-A73F-40CCBC8404FD}" type="slidenum"><a:rPr kumimoji="1" lang="ja-JP" altLang="en-US" smtClean="0"/><a:t>1</a:t></a:fld><a:endParaRPr kumimoji="1" lang="ja-JP" altLang="en-US"/></a:p></p:txBody></p:sp></p:spTree><p:extLst><p:ext uri="{BB962C8B-B14F-4D97-AF65-F5344CB8AC3E}"><p14:creationId xmlns:p14="http://schemas.microsoft.com/office/powerpoint/2010/main" val="1084121055"/></p:ext></p:extLst></p:cSld><p:clrMapOvr><a:masterClrMapping/></p:clrMapOvr></p:sld>